,_step,custom_step,eprew,eprew_eval,silhouette_score,env
0,0,8192,2.1311475409836067,1.6176470588235294,-0.15008987486362457,leaper
1,1,16384,3.2,2.3,-0.024882672354578972,leaper
2,2,24576,2.8,2.6,0.3825511932373047,leaper
3,3,32768,2.5,2.6,0.048425860702991486,leaper
4,4,40960,2.5,2.6,-0.16447409987449646,leaper
5,5,49152,2.3,2.1,-0.10628940165042877,leaper
6,6,57344,3.3,2.6,-0.1297605335712433,leaper
7,7,65536,2.1,2.2,-0.14555750787258148,leaper
8,8,73728,3.4,2.6,-0.1406490057706833,leaper
9,9,81920,2.0,3.0,-0.14240877330303192,leaper
10,10,90112,2.4,3.3,-0.024203842505812645,leaper
11,11,98304,3.0,2.9,0.15847468376159668,leaper
12,12,106496,2.7,2.9,0.2511625587940216,leaper
13,13,114688,2.2,2.9,0.11683757603168488,leaper
14,14,122880,3.0,2.3,0.19066445529460907,leaper
15,15,131072,3.2,3.2,0.3233533501625061,leaper
16,16,139264,2.9,2.3,0.36481973528862,leaper
17,17,147456,2.3,2.5,0.09085674583911896,leaper
18,18,155648,2.3,2.7,0.29518112540245056,leaper
19,19,163840,1.6,3.7,0.2754253149032593,leaper
20,20,172032,3.3,2.5,0.3304877281188965,leaper
21,21,180224,1.9,2.1,0.4128950536251068,leaper
22,22,188416,2.7,2.0,0.5044881701469421,leaper
23,23,196608,3.4,2.2,0.5195626020431519,leaper
24,24,204800,2.8,2.2,0.47418540716171265,leaper
25,25,212992,2.8,2.1,0.35588040947914124,leaper
26,26,221184,2.8,1.8,0.3194940388202667,leaper
27,27,229376,3.0,2.8,0.2935161888599396,leaper
28,28,237568,2.7,2.6,0.34408098459243774,leaper
29,29,245760,2.6,2.9,0.40511903166770935,leaper
30,30,253952,3.4,2.9,0.5267499685287476,leaper
31,31,262144,3.1,3.0,0.36857911944389343,leaper
32,32,270336,1.8,2.9,0.3605405390262604,leaper
33,33,278528,2.2,2.2,0.3454917073249817,leaper
34,34,286720,2.8,3.0,0.4934318959712982,leaper
35,35,294912,3.0,2.6,0.6063734889030457,leaper
36,36,303104,3.2,3.2,0.4941938519477844,leaper
37,37,311296,2.0,2.5,0.3820936381816864,leaper
38,38,319488,2.8,3.1,0.4841250777244568,leaper
39,39,327680,2.6,3.0,0.42795345187187195,leaper
40,40,335872,2.3,2.9,0.3683474659919739,leaper
41,41,344064,2.6,3.5,0.34611040353775024,leaper
42,42,352256,2.9,3.2,0.36292675137519836,leaper
43,43,360448,3.2,3.8,0.4058873951435089,leaper
44,44,368640,2.8,2.2,0.36097288131713867,leaper
45,45,376832,2.9,3.5,0.48213741183280945,leaper
46,46,385024,3.1,2.6,0.45296770334243774,leaper
47,47,393216,2.9,2.5,0.42047446966171265,leaper
48,48,401408,2.5,3.0,0.4427568316459656,leaper
49,49,409600,4.0,3.5,0.384149968624115,leaper
50,50,417792,3.3,2.6,0.3003704249858856,leaper
51,51,425984,3.7,2.9,0.3777834475040436,leaper
52,52,434176,3.6,3.4,0.40271446108818054,leaper
53,53,442368,3.9,3.4,0.46607735753059387,leaper
54,54,450560,3.5,3.0,0.35255494713783264,leaper
55,55,458752,3.4,4.1,0.436633437871933,leaper
56,56,466944,2.9,3.3,0.480959415435791,leaper
57,57,475136,2.7,2.9,0.4324624836444855,leaper
58,58,483328,3.1,3.3,0.4247320592403412,leaper
59,59,491520,4.1,2.9,0.4878232181072235,leaper
60,60,499712,3.1,3.2,0.4805218279361725,leaper
61,61,507904,3.6,2.5,0.4945380687713623,leaper
62,62,516096,2.9,2.9,0.44530221819877625,leaper
63,63,524288,2.9,3.1,0.45762330293655396,leaper
64,64,532480,3.0,3.0,0.39464521408081055,leaper
65,65,540672,3.1,2.1,0.3984892964363098,leaper
66,66,548864,3.4,3.2,0.4426070749759674,leaper
67,67,557056,4.1,3.3,0.4684617817401886,leaper
68,68,565248,3.7,3.8,0.47313615679740906,leaper
69,69,573440,3.9,3.4,0.44226571917533875,leaper
70,70,581632,3.1,2.4,0.3705911636352539,leaper
71,71,589824,2.5,2.9,0.37852928042411804,leaper
72,72,598016,3.4,3.6,0.38563302159309387,leaper
73,73,606208,2.7,3.0,0.45515176653862,leaper
74,74,614400,3.1,2.5,0.4322982132434845,leaper
75,75,622592,3.4,3.2,0.4012157917022705,leaper
76,76,630784,3.5,3.1,0.4321626126766205,leaper
77,77,638976,3.5,3.2,0.4060435891151428,leaper
78,78,647168,4.3,3.0,0.38240915536880493,leaper
79,79,655360,2.9,3.0,0.34625527262687683,leaper
80,80,663552,3.8,3.0,0.468578964471817,leaper
81,81,671744,2.6,2.7,0.5288699865341187,leaper
82,82,679936,2.9,2.7,0.5739069581031799,leaper
83,83,688128,2.8,2.9,0.5859159827232361,leaper
84,84,696320,3.5,3.4,0.5513728857040405,leaper
85,85,704512,4.1,2.7,0.48885589838027954,leaper
86,86,712704,3.1,2.7,0.4197223484516144,leaper
87,87,720896,4.0,3.4,0.3663007915019989,leaper
88,88,729088,3.6,3.6,0.4153921604156494,leaper
89,89,737280,3.4,3.3,0.4528769552707672,leaper
90,90,745472,2.9,2.5,0.429776668548584,leaper
91,91,753664,2.3,3.0,0.46208158135414124,leaper
92,92,761856,3.1,3.6,0.49573513865470886,leaper
93,93,770048,3.4,2.8,0.5140524506568909,leaper
94,94,778240,3.3,2.6,0.5159727931022644,leaper
95,95,786432,2.9,3.1,0.5364136099815369,leaper
96,96,794624,2.7,2.5,0.4807615876197815,leaper
97,97,802816,3.6,2.6,0.4859808385372162,leaper
98,98,811008,2.9,2.9,0.42997124791145325,leaper
99,99,819200,3.0,2.8,0.42652711272239685,leaper
100,100,827392,3.2,2.5,0.49207809567451477,leaper
101,101,835584,2.7,2.5,0.5207738876342773,leaper
102,102,843776,3.4,3.0,0.4547762870788574,leaper
103,103,851968,2.5,2.8,0.4667273461818695,leaper
104,104,860160,3.1,3.5,0.4953373372554779,leaper
105,105,868352,3.4,2.8,0.3964875340461731,leaper
106,106,876544,2.8,2.5,0.45040613412857056,leaper
107,107,884736,3.9,2.6,0.4500770568847656,leaper
108,108,892928,2.9,3.1,0.4605425298213959,leaper
109,109,901120,3.6,2.0,0.465444952249527,leaper
110,110,909312,2.9,2.9,0.5574773550033569,leaper
111,111,917504,4.1,3.3,0.5996665358543396,leaper
112,112,925696,3.5,2.9,0.5323085784912109,leaper
113,113,933888,3.5,3.7,0.49265018105506897,leaper
114,114,942080,3.4,3.8,0.49285998940467834,leaper
115,115,950272,3.2,2.9,0.5038998126983643,leaper
116,116,958464,2.7,2.6,0.5631833672523499,leaper
117,117,966656,2.5,2.4,0.5512091517448425,leaper
118,118,974848,3.4,3.1,0.5802549719810486,leaper
119,119,983040,2.5,2.4,0.531831681728363,leaper
120,120,991232,2.8,3.1,0.5203596949577332,leaper
121,121,999424,2.6,2.2,0.5178476572036743,leaper
122,122,1007616,1.9,2.6,0.5104722380638123,leaper
123,123,1015808,2.4,2.8,0.44896015524864197,leaper
124,124,1024000,3.2,2.3,0.4404184818267822,leaper
125,125,1032192,2.8,2.5,0.48657289147377014,leaper
126,126,1040384,3.2,2.4,0.5340332388877869,leaper
127,127,1048576,3.1,3.1,0.5906590819358826,leaper
128,128,1056768,3.0,2.2,0.555679202079773,leaper
129,129,1064960,2.5,2.6,0.5991050004959106,leaper
130,130,1073152,2.4,2.6,0.5456984639167786,leaper
131,131,1081344,3.0,2.7,0.553848385810852,leaper
132,132,1089536,2.9,3.1,0.5579113960266113,leaper
133,133,1097728,2.9,2.7,0.5619693994522095,leaper
134,134,1105920,2.7,3.2,0.6157795786857605,leaper
135,135,1114112,3.2,2.2,0.5895863175392151,leaper
136,136,1122304,2.7,1.9,0.5077787041664124,leaper
137,137,1130496,3.6,2.7,0.4669593274593353,leaper
138,138,1138688,2.6,3.1,0.43116897344589233,leaper
139,139,1146880,3.3,2.6,0.4794263541698456,leaper
140,140,1155072,1.8,2.7,0.4262302815914154,leaper
141,141,1163264,2.3,2.9,0.4752683639526367,leaper
142,142,1171456,3.3,2.5,0.4714326560497284,leaper
143,143,1179648,3.1,2.7,0.5414304137229919,leaper
144,144,1187840,3.5,3.3,0.5423102378845215,leaper
145,145,1196032,2.5,2.6,0.5415825247764587,leaper
146,146,1204224,3.0,2.7,0.5879113078117371,leaper
147,147,1212416,3.0,2.7,0.5885615348815918,leaper
148,148,1220608,2.3,3.0,0.5869336128234863,leaper
149,149,1228800,2.9,2.9,0.5856760740280151,leaper
150,150,1236992,3.4,2.5,0.5420366525650024,leaper
151,151,1245184,3.9,1.8,0.596020519733429,leaper
152,152,1253376,3.5,3.0,0.5559396147727966,leaper
153,153,1261568,2.7,2.6,0.5625061988830566,leaper
154,154,1269760,3.5,2.9,0.5508870482444763,leaper
155,155,1277952,2.7,2.8,0.5573956370353699,leaper
156,156,1286144,3.4,2.3,0.5494875907897949,leaper
157,157,1294336,3.0,2.2,0.5431417226791382,leaper
158,158,1302528,2.9,4.2,0.5465744137763977,leaper
159,159,1310720,2.5,3.3,0.5231922268867493,leaper
160,160,1318912,2.9,3.0,0.565283477306366,leaper
161,161,1327104,3.1,3.5,0.6004867553710938,leaper
162,162,1335296,4.3,2.8,0.5912512540817261,leaper
163,163,1343488,3.8,3.0,0.5841131210327148,leaper
164,164,1351680,3.1,2.7,0.5218287110328674,leaper
165,165,1359872,3.6,2.8,0.5345701575279236,leaper
166,166,1368064,3.5,3.5,0.5644425749778748,leaper
167,167,1376256,3.6,3.5,0.5964369177818298,leaper
168,168,1384448,3.8,2.4,0.5553994178771973,leaper
169,169,1392640,3.1,2.7,0.5108519196510315,leaper
170,170,1400832,2.9,2.9,0.5395709872245789,leaper
171,171,1409024,3.5,2.8,0.6193146705627441,leaper
172,172,1417216,3.8,2.7,0.5791047215461731,leaper
173,173,1425408,3.3,2.5,0.5290372967720032,leaper
174,174,1433600,3.3,3.9,0.5561634302139282,leaper
175,175,1441792,3.8,3.3,0.5382281541824341,leaper
176,176,1449984,3.4,2.9,0.5825845003128052,leaper
177,177,1458176,3.3,3.3,0.5746970772743225,leaper
178,178,1466368,3.4,3.5,0.5567560195922852,leaper
179,179,1474560,2.7,2.4,0.5488389730453491,leaper
180,180,1482752,4.0,3.1,0.5900846719741821,leaper
181,181,1490944,4.4,2.7,0.6633672714233398,leaper
182,182,1499136,3.2,2.7,0.621342122554779,leaper
183,183,1507328,2.7,2.7,0.6202912926673889,leaper
184,184,1515520,3.9,2.5,0.5564016103744507,leaper
185,185,1523712,3.5,3.5,0.5428317189216614,leaper
186,186,1531904,3.3,3.0,0.46562033891677856,leaper
187,187,1540096,3.8,2.9,0.4391111731529236,leaper
188,188,1548288,2.9,2.5,0.45011740922927856,leaper
189,189,1556480,2.6,3.2,0.4909116327762604,leaper
190,190,1564672,3.6,2.8,0.5351179838180542,leaper
191,191,1572864,4.0,3.6,0.6106549501419067,leaper
192,192,1581056,3.3,3.5,0.5491344332695007,leaper
193,193,1589248,3.4,3.0,0.5282564163208008,leaper
194,194,1597440,3.7,3.9,0.5961683988571167,leaper
195,195,1605632,3.2,3.7,0.5543513894081116,leaper
196,196,1613824,2.7,2.6,0.6380435228347778,leaper
197,197,1622016,2.7,3.3,0.646712601184845,leaper
198,198,1630208,3.3,2.9,0.5914222598075867,leaper
199,199,1638400,4.1,2.6,0.6343622207641602,leaper
200,200,1646592,3.5,2.9,0.5946081876754761,leaper
201,201,1654784,3.5,3.2,0.5667886137962341,leaper
202,202,1662976,3.5,3.2,0.6119585633277893,leaper
203,203,1671168,2.1,2.7,0.5906562209129333,leaper
204,204,1679360,2.9,2.8,0.5747352838516235,leaper
205,205,1687552,3.2,3.3,0.5069422125816345,leaper
206,206,1695744,2.9,3.6,0.48890045285224915,leaper
207,207,1703936,3.2,2.4,0.5734993815422058,leaper
208,208,1712128,3.9,2.9,0.5656183958053589,leaper
209,209,1720320,3.5,3.0,0.5147138833999634,leaper
210,210,1728512,3.8,2.6,0.565001368522644,leaper
211,211,1736704,2.9,3.5,0.5394976735115051,leaper
212,212,1744896,3.4,2.7,0.5186008810997009,leaper
213,213,1753088,4.4,2.3,0.5273905992507935,leaper
214,214,1761280,3.6,2.9,0.501221776008606,leaper
215,215,1769472,4.2,2.2,0.4791164696216583,leaper
216,216,1777664,3.1,2.7,0.5203055143356323,leaper
217,217,1785856,3.1,3.2,0.5257931351661682,leaper
218,218,1794048,3.6,3.2,0.5759668350219727,leaper
219,219,1802240,2.9,2.4,0.540431022644043,leaper
220,220,1810432,3.0,3.2,0.5445045232772827,leaper
221,221,1818624,3.2,2.6,0.45073559880256653,leaper
222,222,1826816,3.1,2.5,0.5501469969749451,leaper
223,223,1835008,2.8,2.7,0.5014020204544067,leaper
224,224,1843200,3.3,3.6,0.55413818359375,leaper
225,225,1851392,3.0,2.9,0.5544091463088989,leaper
226,226,1859584,3.3,2.6,0.5503894090652466,leaper
227,227,1867776,3.4,2.6,0.5297465920448303,leaper
228,228,1875968,3.3,2.9,0.5856447219848633,leaper
229,229,1884160,3.3,2.7,0.5087479948997498,leaper
230,230,1892352,3.2,3.1,0.5859068632125854,leaper
231,231,1900544,3.3,2.5,0.5324841141700745,leaper
232,232,1908736,3.5,3.0,0.5717965364456177,leaper
233,233,1916928,3.8,3.0,0.5040450096130371,leaper
234,234,1925120,3.7,2.8,0.5075408816337585,leaper
235,235,1933312,2.9,2.4,0.4895451068878174,leaper
236,236,1941504,2.6,2.6,0.4958508014678955,leaper
237,237,1949696,3.3,2.7,0.5237337350845337,leaper
238,238,1957888,2.6,1.7,0.5689809918403625,leaper
239,239,1966080,3.1,2.9,0.5392352342605591,leaper
240,240,1974272,3.8,2.9,0.5743018388748169,leaper
241,241,1982464,2.9,3.2,0.54095059633255,leaper
242,242,1990656,3.2,2.5,0.5541041493415833,leaper
243,243,1998848,2.9,2.4,0.5831238031387329,leaper
244,244,2007040,3.3,3.0,0.6085585355758667,leaper
245,245,2015232,3.6,2.6,0.5723075866699219,leaper
246,246,2023424,3.8,2.5,0.5810272097587585,leaper
247,247,2031616,2.6,2.7,0.5677685141563416,leaper
248,248,2039808,2.1,2.3,0.5324043035507202,leaper
249,249,2048000,3.4,3.2,0.5319604873657227,leaper
250,250,2056192,3.3,2.3,0.5564045906066895,leaper
251,251,2064384,2.9,2.8,0.5743182301521301,leaper
252,252,2072576,3.3,2.3,0.5637254118919373,leaper
253,253,2080768,4.0,2.6,0.5553276538848877,leaper
254,254,2088960,3.7,2.8,0.5297178626060486,leaper
255,255,2097152,3.5,2.7,0.5453353524208069,leaper
256,256,2105344,2.6,1.9,0.5255454182624817,leaper
257,257,2113536,3.4,2.4,0.5418847799301147,leaper
258,258,2121728,3.7,3.2,0.4997238516807556,leaper
259,259,2129920,2.9,3.3,0.5577207803726196,leaper
260,260,2138112,3.4,3.2,0.5019985437393188,leaper
261,261,2146304,3.1,3.1,0.5071824789047241,leaper
262,262,2154496,2.7,3.0,0.484546035528183,leaper
263,263,2162688,3.2,2.8,0.520147979259491,leaper
264,264,2170880,3.4,2.2,0.5750858187675476,leaper
265,265,2179072,2.8,3.3,0.5653770565986633,leaper
266,266,2187264,3.5,2.2,0.6201324462890625,leaper
267,267,2195456,3.1,1.9,0.6231687664985657,leaper
268,268,2203648,3.0,2.8,0.6155070662498474,leaper
269,269,2211840,2.3,3.4,0.661657989025116,leaper
270,270,2220032,3.6,3.5,0.628823459148407,leaper
271,271,2228224,2.8,2.7,0.6114825010299683,leaper
272,272,2236416,3.0,3.3,0.6162376403808594,leaper
273,273,2244608,4.3,2.6,0.5708817839622498,leaper
274,274,2252800,3.3,2.6,0.5880194902420044,leaper
275,275,2260992,2.9,2.4,0.5887894034385681,leaper
276,276,2269184,2.7,3.1,0.516097366809845,leaper
277,277,2277376,3.5,2.8,0.5354446172714233,leaper
278,278,2285568,3.6,1.4,0.5182410478591919,leaper
279,279,2293760,2.9,3.4,0.5289385914802551,leaper
280,280,2301952,2.9,2.4,0.5479064583778381,leaper
281,281,2310144,2.7,2.5,0.5674794912338257,leaper
282,282,2318336,2.8,3.2,0.5436770915985107,leaper
283,283,2326528,2.8,3.0,0.4822838008403778,leaper
284,284,2334720,3.7,2.5,0.4739046096801758,leaper
285,285,2342912,2.0,2.8,0.4408895671367645,leaper
286,286,2351104,2.2,2.7,0.4004947543144226,leaper
287,287,2359296,3.3,2.2,0.43528348207473755,leaper
288,288,2367488,3.9,3.0,0.45611491799354553,leaper
289,289,2375680,2.8,3.1,0.4470827579498291,leaper
290,290,2383872,3.9,3.1,0.4955625534057617,leaper
291,291,2392064,3.3,3.0,0.5582596063613892,leaper
292,292,2400256,3.3,3.3,0.5507702827453613,leaper
293,293,2408448,3.9,2.8,0.5318381190299988,leaper
294,294,2416640,3.0,2.3,0.569644033908844,leaper
295,295,2424832,3.7,2.5,0.5542250871658325,leaper
296,296,2433024,2.2,2.6,0.5856843590736389,leaper
297,297,2441216,2.5,2.2,0.5963000655174255,leaper
298,298,2449408,2.7,2.5,0.5668140649795532,leaper
299,299,2457600,3.0,2.2,0.5836389660835266,leaper
300,300,2465792,3.4,3.1,0.549355149269104,leaper
301,301,2473984,3.1,2.9,0.5701185464859009,leaper
302,302,2482176,3.0,2.6,0.6164677739143372,leaper
303,303,2490368,2.8,2.7,0.5820745229721069,leaper
304,304,2498560,2.7,3.2,0.5586013793945312,leaper
305,305,2506752,2.7,2.8,0.5798680186271667,leaper
306,306,2514944,3.4,2.7,0.5249242782592773,leaper
307,307,2523136,3.1,3.1,0.5619329214096069,leaper
308,308,2531328,3.1,2.9,0.5010483860969543,leaper
309,309,2539520,2.8,3.1,0.5784500241279602,leaper
310,310,2547712,2.9,2.7,0.5318211317062378,leaper
311,311,2555904,3.2,3.0,0.5439205765724182,leaper
312,312,2564096,3.1,2.0,0.5008057951927185,leaper
313,313,2572288,3.0,3.6,0.5273709893226624,leaper
314,314,2580480,3.4,3.1,0.5180712342262268,leaper
315,315,2588672,3.6,3.6,0.5374385118484497,leaper
316,316,2596864,3.1,2.8,0.49604934453964233,leaper
317,317,2605056,3.5,2.5,0.5215103030204773,leaper
318,318,2613248,2.3,2.6,0.5110549926757812,leaper
319,319,2621440,2.6,2.6,0.5076414942741394,leaper
320,320,2629632,2.5,3.0,0.5045919418334961,leaper
321,321,2637824,3.9,2.3,0.5275711417198181,leaper
322,322,2646016,3.3,3.4,0.5656631588935852,leaper
323,323,2654208,2.7,2.8,0.5642644166946411,leaper
324,324,2662400,2.4,2.8,0.5922695994377136,leaper
325,325,2670592,3.6,2.9,0.531112790107727,leaper
326,326,2678784,2.9,2.8,0.5702736973762512,leaper
327,327,2686976,2.7,3.6,0.5408169031143188,leaper
328,328,2695168,2.6,3.5,0.5423017740249634,leaper
329,329,2703360,2.9,2.7,0.563873827457428,leaper
330,330,2711552,2.9,3.2,0.5084807276725769,leaper
331,331,2719744,2.7,2.5,0.5388579368591309,leaper
332,332,2727936,2.6,3.1,0.5095413327217102,leaper
333,333,2736128,3.7,2.3,0.5321559309959412,leaper
334,334,2744320,3.5,2.4,0.5620204210281372,leaper
335,335,2752512,3.1,3.1,0.5425624251365662,leaper
336,336,2760704,2.9,3.1,0.5308660864830017,leaper
337,337,2768896,3.0,3.0,0.545005738735199,leaper
338,338,2777088,3.0,3.0,0.5566622614860535,leaper
339,339,2785280,3.4,2.7,0.5614902377128601,leaper
340,340,2793472,2.7,2.2,0.5450655817985535,leaper
341,341,2801664,3.1,3.1,0.4745539724826813,leaper
342,342,2809856,3.9,2.2,0.5392053723335266,leaper
343,343,2818048,3.0,3.4,0.5277777910232544,leaper
344,344,2826240,3.2,2.8,0.5265315771102905,leaper
345,345,2834432,3.3,3.1,0.5288100838661194,leaper
346,346,2842624,3.5,3.1,0.4885689318180084,leaper
347,347,2850816,3.1,2.3,0.49931198358535767,leaper
348,348,2859008,3.7,2.9,0.5426713228225708,leaper
349,349,2867200,2.8,2.5,0.5241977572441101,leaper
350,350,2875392,3.1,2.7,0.5316540002822876,leaper
351,351,2883584,3.3,2.1,0.532561182975769,leaper
352,352,2891776,2.8,2.9,0.554022490978241,leaper
353,353,2899968,3.3,2.1,0.5347182750701904,leaper
354,354,2908160,2.3,2.9,0.5303744673728943,leaper
355,355,2916352,3.2,2.9,0.5454466938972473,leaper
356,356,2924544,3.4,2.0,0.556697428226471,leaper
357,357,2932736,3.1,2.5,0.5672217607498169,leaper
358,358,2940928,3.4,3.8,0.5683314204216003,leaper
359,359,2949120,2.6,2.4,0.533017635345459,leaper
360,360,2957312,2.8,2.7,0.546497642993927,leaper
361,361,2965504,2.9,2.6,0.5146874785423279,leaper
362,362,2973696,3.0,2.6,0.5043964385986328,leaper
363,363,2981888,3.3,2.0,0.5181139707565308,leaper
364,364,2990080,3.8,2.3,0.585321307182312,leaper
365,365,2998272,3.1,2.8,0.5348464250564575,leaper
366,366,3006464,2.9,2.8,0.5387660264968872,leaper
367,367,3014656,3.2,2.6,0.5208258628845215,leaper
368,368,3022848,3.3,3.3,0.42135483026504517,leaper
369,369,3031040,3.7,3.5,0.48312920331954956,leaper
370,370,3039232,2.8,2.4,0.474528044462204,leaper
371,371,3047424,3.1,2.6,0.48139265179634094,leaper
372,372,3055616,3.5,2.6,0.47609955072402954,leaper
373,373,3063808,3.3,2.6,0.5020414590835571,leaper
374,374,3072000,2.8,3.1,0.5394854545593262,leaper
375,375,3080192,3.1,3.2,0.47525665163993835,leaper
376,376,3088384,4.0,2.8,0.49621257185935974,leaper
377,377,3096576,3.4,2.5,0.5304825901985168,leaper
378,378,3104768,4.0,2.2,0.5749130249023438,leaper
379,379,3112960,3.0,2.8,0.5417900085449219,leaper
380,380,3121152,3.4,3.2,0.5510628819465637,leaper
381,381,3129344,3.0,3.7,0.5141105651855469,leaper
382,382,3137536,2.9,2.4,0.48708394169807434,leaper
383,383,3145728,3.6,2.6,0.5302971005439758,leaper
384,384,3153920,3.5,2.0,0.49906206130981445,leaper
385,385,3162112,3.1,2.6,0.49593326449394226,leaper
386,386,3170304,2.9,3.2,0.5233755111694336,leaper
387,387,3178496,2.8,3.6,0.5164074301719666,leaper
388,388,3186688,4.4,2.5,0.5223171710968018,leaper
389,389,3194880,4.0,3.4,0.48986104130744934,leaper
390,390,3203072,3.6,2.5,0.5456830859184265,leaper
391,391,3211264,3.3,3.6,0.4471558928489685,leaper
392,392,3219456,3.8,2.3,0.5219072699546814,leaper
393,393,3227648,2.3,3.2,0.5162667632102966,leaper
394,394,3235840,3.2,3.0,0.6157105565071106,leaper
395,395,3244032,3.2,2.7,0.4920453131198883,leaper
396,396,3252224,3.1,3.9,0.4770946502685547,leaper
397,397,3260416,3.4,3.4,0.5121155381202698,leaper
398,398,3268608,3.0,2.9,0.473876416683197,leaper
399,399,3276800,4.0,2.5,0.5484499931335449,leaper
400,400,3284992,3.2,3.5,0.5052594542503357,leaper
401,401,3293184,2.9,2.9,0.5491858124732971,leaper
402,402,3301376,3.8,2.0,0.483217716217041,leaper
403,403,3309568,3.6,2.5,0.49868884682655334,leaper
404,404,3317760,3.7,2.8,0.5053881406784058,leaper
405,405,3325952,4.0,3.6,0.4613366723060608,leaper
406,406,3334144,3.8,2.9,0.5125530958175659,leaper
407,407,3342336,2.9,2.2,0.4630526602268219,leaper
408,408,3350528,3.0,2.7,0.486677885055542,leaper
409,409,3358720,3.5,2.7,0.5180916786193848,leaper
410,410,3366912,2.9,3.0,0.5137608647346497,leaper
411,411,3375104,3.8,3.4,0.4822312295436859,leaper
412,412,3383296,3.4,2.3,0.5076310038566589,leaper
413,413,3391488,3.4,2.0,0.48005151748657227,leaper
414,414,3399680,2.9,3.6,0.510750412940979,leaper
415,415,3407872,2.4,3.1,0.5369272828102112,leaper
416,416,3416064,3.4,2.5,0.5409768223762512,leaper
417,417,3424256,3.8,3.1,0.542482852935791,leaper
418,418,3432448,3.4,2.6,0.5558683276176453,leaper
419,419,3440640,3.8,2.2,0.5440763831138611,leaper
420,420,3448832,3.0,3.0,0.4799652695655823,leaper
421,421,3457024,3.3,2.5,0.45856598019599915,leaper
422,422,3465216,3.4,2.3,0.46489062905311584,leaper
423,423,3473408,3.7,4.0,0.4574919044971466,leaper
424,424,3481600,3.2,3.1,0.40873050689697266,leaper
425,425,3489792,2.6,3.1,0.4500393271446228,leaper
426,426,3497984,2.8,3.2,0.5011939406394958,leaper
427,427,3506176,3.3,2.8,0.4821576178073883,leaper
428,428,3514368,2.5,3.4,0.5376016497612,leaper
429,429,3522560,2.3,2.5,0.4961545169353485,leaper
430,430,3530752,3.5,2.9,0.46595636010169983,leaper
431,431,3538944,3.7,2.6,0.48296627402305603,leaper
432,432,3547136,2.6,2.0,0.46012383699417114,leaper
433,433,3555328,3.5,2.8,0.5235582590103149,leaper
434,434,3563520,3.0,2.6,0.453808456659317,leaper
435,435,3571712,3.6,2.5,0.45909497141838074,leaper
436,436,3579904,3.9,3.0,0.4236283004283905,leaper
437,437,3588096,3.2,3.3,0.47077450156211853,leaper
438,438,3596288,2.5,2.2,0.47243359684944153,leaper
439,439,3604480,3.2,3.2,0.49757927656173706,leaper
440,440,3612672,3.3,2.9,0.5044885873794556,leaper
441,441,3620864,3.5,2.4,0.46344777941703796,leaper
442,442,3629056,2.6,3.7,0.48694875836372375,leaper
443,443,3637248,3.5,2.4,0.4611094295978546,leaper
444,444,3645440,2.6,2.6,0.4925081431865692,leaper
445,445,3653632,2.6,1.8,0.49008709192276,leaper
446,446,3661824,2.7,2.8,0.4845718741416931,leaper
447,447,3670016,3.1,3.2,0.5395649075508118,leaper
448,448,3678208,3.2,2.8,0.5557063817977905,leaper
449,449,3686400,3.2,3.0,0.5226497054100037,leaper
450,450,3694592,2.8,2.3,0.5242870450019836,leaper
451,451,3702784,3.0,2.7,0.5440665483474731,leaper
452,452,3710976,2.9,3.1,0.5254734754562378,leaper
453,453,3719168,3.2,2.7,0.5776980519294739,leaper
454,454,3727360,2.6,2.9,0.5484321117401123,leaper
455,455,3735552,2.9,2.9,0.49065226316452026,leaper
456,456,3743744,3.7,2.6,0.5192470550537109,leaper
457,457,3751936,3.1,2.9,0.5133785009384155,leaper
458,458,3760128,2.4,1.7,0.5035975575447083,leaper
459,459,3768320,2.7,2.8,0.495106965303421,leaper
460,460,3776512,3.2,3.6,0.4494972825050354,leaper
461,461,3784704,3.2,2.6,0.4958135187625885,leaper
462,462,3792896,2.7,3.4,0.5059612989425659,leaper
463,463,3801088,2.5,2.5,0.5030895471572876,leaper
464,464,3809280,3.2,3.0,0.48564156889915466,leaper
465,465,3817472,2.1,2.6,0.4808465540409088,leaper
466,466,3825664,3.8,2.2,0.49337059259414673,leaper
467,467,3833856,2.4,2.6,0.5196530818939209,leaper
468,468,3842048,3.6,1.9,0.5370016694068909,leaper
469,469,3850240,3.3,2.6,0.45855337381362915,leaper
470,470,3858432,3.4,2.7,0.5092743635177612,leaper
471,471,3866624,3.6,2.3,0.5067359209060669,leaper
472,472,3874816,2.8,2.9,0.5087226033210754,leaper
473,473,3883008,3.6,2.2,0.5368391275405884,leaper
474,474,3891200,3.4,2.8,0.5006151795387268,leaper
475,475,3899392,3.1,3.3,0.5004683136940002,leaper
476,476,3907584,2.7,2.5,0.5041021108627319,leaper
477,477,3915776,2.9,2.6,0.46329784393310547,leaper
478,478,3923968,3.0,2.7,0.4924167990684509,leaper
479,479,3932160,2.9,2.6,0.45042684674263,leaper
480,480,3940352,2.3,2.8,0.4100828766822815,leaper
481,481,3948544,3.0,2.8,0.5014623999595642,leaper
482,482,3956736,3.1,2.6,0.4430454671382904,leaper
483,483,3964928,4.1,2.7,0.5034577250480652,leaper
484,484,3973120,2.8,3.3,0.4959414601325989,leaper
485,485,3981312,3.2,2.3,0.533345639705658,leaper
486,486,3989504,2.9,2.6,0.5712352991104126,leaper
487,487,3997696,2.7,3.2,0.5262724757194519,leaper
488,488,4005888,3.1,3.4,0.5441387295722961,leaper
489,489,4014080,2.8,2.4,0.5106448531150818,leaper
490,490,4022272,3.5,3.1,0.48904624581336975,leaper
491,491,4030464,2.7,2.4,0.5280858874320984,leaper
492,492,4038656,2.9,3.7,0.4561079442501068,leaper
493,493,4046848,2.2,3.1,0.4547479748725891,leaper
494,494,4055040,2.6,2.5,0.46324852108955383,leaper
495,495,4063232,2.6,2.7,0.4432906210422516,leaper
496,496,4071424,3.3,2.9,0.5120193958282471,leaper
497,497,4079616,2.6,3.2,0.4476418197154999,leaper
498,498,4087808,2.3,2.2,0.45204082131385803,leaper
499,499,4096000,3.1,3.0,0.4097111225128174,leaper
500,500,4104192,2.8,3.0,0.458380788564682,leaper
501,501,4112384,3.3,2.9,0.5209499001502991,leaper
502,502,4120576,3.2,3.4,0.46779537200927734,leaper
503,503,4128768,3.1,2.6,0.529323160648346,leaper
504,504,4136960,2.8,2.2,0.4877977669239044,leaper
505,505,4145152,3.0,3.0,0.5409290790557861,leaper
506,506,4153344,3.7,2.5,0.4748282730579376,leaper
507,507,4161536,2.6,2.7,0.5027357935905457,leaper
508,508,4169728,2.9,3.1,0.523490846157074,leaper
509,509,4177920,2.4,3.4,0.4991277754306793,leaper
510,510,4186112,3.2,3.4,0.4839165508747101,leaper
511,511,4194304,3.6,3.4,0.5188743472099304,leaper
512,512,4202496,3.0,3.1,0.5624586343765259,leaper
513,513,4210688,2.9,2.9,0.5330567955970764,leaper
514,514,4218880,2.8,2.7,0.5367674231529236,leaper
515,515,4227072,3.1,3.3,0.5400468111038208,leaper
516,516,4235264,2.8,2.5,0.5375457406044006,leaper
517,517,4243456,2.7,3.0,0.5515074133872986,leaper
518,518,4251648,2.8,3.4,0.485819011926651,leaper
519,519,4259840,3.3,4.0,0.5750676393508911,leaper
520,520,4268032,3.0,2.7,0.5517233610153198,leaper
521,521,4276224,3.2,2.2,0.5192731022834778,leaper
522,522,4284416,2.8,2.7,0.5042902231216431,leaper
523,523,4292608,3.6,4.0,0.5020735263824463,leaper
524,524,4300800,3.5,3.0,0.5011700987815857,leaper
525,525,4308992,3.2,3.3,0.49462202191352844,leaper
526,526,4317184,2.9,2.8,0.5389033555984497,leaper
527,527,4325376,2.8,2.1,0.4757186770439148,leaper
528,528,4333568,3.5,2.2,0.5505058169364929,leaper
529,529,4341760,2.9,2.5,0.5322728157043457,leaper
530,530,4349952,3.3,2.8,0.4904490113258362,leaper
531,531,4358144,2.5,2.2,0.5487021803855896,leaper
532,532,4366336,3.8,3.8,0.488128662109375,leaper
533,533,4374528,3.4,2.8,0.5002698302268982,leaper
534,534,4382720,3.8,3.3,0.5222582817077637,leaper
535,535,4390912,2.5,2.5,0.4976158142089844,leaper
536,536,4399104,3.5,3.6,0.518348217010498,leaper
537,537,4407296,3.4,2.7,0.47277623414993286,leaper
538,538,4415488,3.4,2.4,0.4587995409965515,leaper
539,539,4423680,2.2,2.8,0.4468192458152771,leaper
540,540,4431872,3.3,2.2,0.545052170753479,leaper
541,541,4440064,3.1,3.5,0.5223160982131958,leaper
542,542,4448256,3.0,2.1,0.4999445378780365,leaper
543,543,4456448,3.4,2.7,0.5212911367416382,leaper
544,544,4464640,3.4,3.4,0.5315062403678894,leaper
545,545,4472832,3.3,3.3,0.5517244935035706,leaper
546,546,4481024,3.6,3.5,0.5171452164649963,leaper
547,547,4489216,3.6,2.7,0.4892997145652771,leaper
548,548,4497408,4.1,2.9,0.500389575958252,leaper
549,549,4505600,3.2,2.7,0.5093150734901428,leaper
550,550,4513792,3.1,3.1,0.4794013798236847,leaper
551,551,4521984,3.0,2.9,0.4666655957698822,leaper
552,552,4530176,3.9,3.4,0.5123404264450073,leaper
553,553,4538368,3.7,3.1,0.5503966212272644,leaper
554,554,4546560,3.5,2.7,0.5613046288490295,leaper
555,555,4554752,3.2,2.7,0.4890928268432617,leaper
556,556,4562944,3.5,2.8,0.522666871547699,leaper
557,557,4571136,2.8,2.2,0.4770958721637726,leaper
558,558,4579328,3.1,2.3,0.481893926858902,leaper
559,559,4587520,3.3,3.2,0.5423954129219055,leaper
560,560,4595712,3.5,2.2,0.4830283224582672,leaper
561,561,4603904,3.6,3.1,0.4771351218223572,leaper
562,562,4612096,3.3,2.6,0.42454761266708374,leaper
563,563,4620288,3.1,2.5,0.46408820152282715,leaper
564,564,4628480,3.6,2.6,0.4214722216129303,leaper
565,565,4636672,3.2,3.7,0.4723748564720154,leaper
566,566,4644864,3.4,3.7,0.4915803372859955,leaper
567,567,4653056,3.3,3.3,0.47760632634162903,leaper
568,568,4661248,2.8,2.5,0.47258996963500977,leaper
569,569,4669440,3.3,4.1,0.5414199829101562,leaper
570,570,4677632,4.1,2.8,0.49628910422325134,leaper
571,571,4685824,3.9,2.8,0.5286379456520081,leaper
572,572,4694016,3.9,2.4,0.46363624930381775,leaper
573,573,4702208,3.9,3.3,0.5297619104385376,leaper
574,574,4710400,4.8,2.9,0.505020260810852,leaper
575,575,4718592,3.6,3.1,0.4747772216796875,leaper
576,576,4726784,3.2,2.8,0.5615286827087402,leaper
577,577,4734976,3.9,2.4,0.5140566825866699,leaper
578,578,4743168,2.9,3.5,0.5358451008796692,leaper
579,579,4751360,3.0,3.6,0.4854952394962311,leaper
580,580,4759552,2.7,3.6,0.5138941407203674,leaper
581,581,4767744,3.8,3.2,0.47436076402664185,leaper
582,582,4775936,3.1,3.4,0.5356926321983337,leaper
583,583,4784128,2.8,3.3,0.49938949942588806,leaper
584,584,4792320,2.6,2.7,0.5014366507530212,leaper
585,585,4800512,3.9,3.9,0.48724403977394104,leaper
586,586,4808704,3.0,3.9,0.5066748857498169,leaper
587,587,4816896,3.8,3.2,0.49008622765541077,leaper
588,588,4825088,4.5,2.6,0.49395751953125,leaper
589,589,4833280,2.9,2.7,0.5102443695068359,leaper
590,590,4841472,3.6,3.3,0.5226012468338013,leaper
591,591,4849664,3.9,3.1,0.541174054145813,leaper
592,592,4857856,3.6,3.4,0.5036311149597168,leaper
593,593,4866048,3.4,2.9,0.5328788757324219,leaper
594,594,4874240,3.2,3.3,0.5071210861206055,leaper
595,595,4882432,3.6,2.5,0.5807263255119324,leaper
596,596,4890624,3.1,3.8,0.5029860138893127,leaper
597,597,4898816,3.6,2.8,0.5970675349235535,leaper
598,598,4907008,2.4,3.0,0.5501251220703125,leaper
599,599,4915200,3.0,2.4,0.5578415989875793,leaper
600,600,4923392,2.9,3.4,0.5322453379631042,leaper
601,601,4931584,3.1,3.1,0.5116201043128967,leaper
602,602,4939776,3.3,3.9,0.48245593905448914,leaper
603,603,4947968,4.0,3.3,0.5044808983802795,leaper
604,604,4956160,3.0,2.8,0.5147638916969299,leaper
605,605,4964352,3.1,3.3,0.5317908525466919,leaper
606,606,4972544,3.1,3.1,0.5278664231300354,leaper
607,607,4980736,3.7,1.9,0.5144739151000977,leaper
608,608,4988928,3.0,4.4,0.5902792811393738,leaper
609,609,4997120,3.8,2.7,0.5349830389022827,leaper
610,610,5005312,3.3,2.9,0.5266088843345642,leaper
611,611,5013504,3.8,2.9,0.4943813383579254,leaper
612,612,5021696,3.1,2.7,0.5103079080581665,leaper
613,613,5029888,3.2,3.4,0.524842381477356,leaper
614,614,5038080,2.7,3.1,0.48328372836112976,leaper
615,615,5046272,3.9,2.8,0.4769529700279236,leaper
616,616,5054464,3.8,2.6,0.5604705214500427,leaper
617,617,5062656,3.4,3.0,0.5545169711112976,leaper
618,618,5070848,3.1,2.9,0.5377609133720398,leaper
619,619,5079040,4.1,2.9,0.5247735977172852,leaper
620,620,5087232,4.3,3.3,0.5064916014671326,leaper
621,621,5095424,2.8,2.7,0.4785323739051819,leaper
622,622,5103616,2.9,2.2,0.4426123797893524,leaper
623,623,5111808,3.8,2.6,0.47108134627342224,leaper
624,624,5120000,3.1,2.8,0.46013545989990234,leaper
625,625,5128192,3.2,3.1,0.48754116892814636,leaper
626,626,5136384,4.1,2.9,0.4798505902290344,leaper
627,627,5144576,3.1,3.2,0.46660932898521423,leaper
628,628,5152768,3.0,2.5,0.48904159665107727,leaper
629,629,5160960,3.7,2.7,0.5198671817779541,leaper
630,630,5169152,3.4,3.2,0.4843232333660126,leaper
631,631,5177344,3.7,2.9,0.5031699538230896,leaper
632,632,5185536,3.1,3.2,0.5450951457023621,leaper
633,633,5193728,3.2,2.4,0.5280535817146301,leaper
634,634,5201920,3.3,3.4,0.5280821919441223,leaper
635,635,5210112,2.5,3.9,0.515902578830719,leaper
636,636,5218304,3.5,2.1,0.5002022981643677,leaper
637,637,5226496,2.5,3.8,0.5233659744262695,leaper
638,638,5234688,2.5,2.7,0.40383201837539673,leaper
639,639,5242880,3.8,3.6,0.49991893768310547,leaper
640,640,5251072,2.9,2.9,0.4877147376537323,leaper
641,641,5259264,3.2,2.9,0.4611644744873047,leaper
642,642,5267456,4.3,2.7,0.4873640835285187,leaper
643,643,5275648,3.3,2.6,0.5172849297523499,leaper
644,644,5283840,3.5,2.9,0.5023336410522461,leaper
645,645,5292032,3.1,3.3,0.49412742257118225,leaper
646,646,5300224,3.8,1.9,0.5419600605964661,leaper
647,647,5308416,2.5,2.8,0.5347498655319214,leaper
648,648,5316608,3.6,3.0,0.5253298282623291,leaper
649,649,5324800,3.7,3.1,0.5193101763725281,leaper
650,650,5332992,4.0,3.7,0.5223022103309631,leaper
651,651,5341184,3.1,3.1,0.5303569436073303,leaper
652,652,5349376,3.6,2.4,0.5226384997367859,leaper
653,653,5357568,3.8,2.2,0.5632765889167786,leaper
654,654,5365760,3.5,1.7,0.4816742539405823,leaper
655,655,5373952,3.4,2.9,0.48442569375038147,leaper
656,656,5382144,3.8,2.9,0.490918904542923,leaper
657,657,5390336,3.4,3.4,0.5211647748947144,leaper
658,658,5398528,4.1,2.9,0.5304509401321411,leaper
659,659,5406720,3.5,3.0,0.5664269328117371,leaper
660,660,5414912,3.9,3.2,0.5268774032592773,leaper
661,661,5423104,4.0,2.9,0.5541831851005554,leaper
662,662,5431296,3.4,2.3,0.5274516940116882,leaper
663,663,5439488,3.1,3.1,0.5666621327400208,leaper
664,664,5447680,3.2,3.4,0.5457644462585449,leaper
665,665,5455872,3.2,2.8,0.49122756719589233,leaper
666,666,5464064,3.1,2.7,0.551293671131134,leaper
667,667,5472256,3.5,3.8,0.5204295516014099,leaper
668,668,5480448,3.5,3.4,0.5317360758781433,leaper
669,669,5488640,3.5,3.4,0.5533542633056641,leaper
670,670,5496832,2.9,2.6,0.4774058759212494,leaper
671,671,5505024,3.6,3.1,0.4330955147743225,leaper
672,672,5513216,3.0,3.0,0.5007482767105103,leaper
673,673,5521408,3.1,3.0,0.49865296483039856,leaper
674,674,5529600,3.0,3.0,0.45726874470710754,leaper
675,675,5537792,3.2,3.1,0.48828715085983276,leaper
676,676,5545984,3.8,2.7,0.5352850556373596,leaper
677,677,5554176,4.1,2.6,0.514460027217865,leaper
678,678,5562368,3.7,1.9,0.49037161469459534,leaper
679,679,5570560,3.9,3.2,0.4641830325126648,leaper
680,680,5578752,2.7,3.8,0.49585968255996704,leaper
681,681,5586944,2.9,3.0,0.46930742263793945,leaper
682,682,5595136,3.1,3.5,0.491005003452301,leaper
683,683,5603328,3.2,2.7,0.5154480338096619,leaper
684,684,5611520,4.0,2.8,0.48373961448669434,leaper
685,685,5619712,2.8,3.0,0.5264273285865784,leaper
686,686,5627904,3.5,2.6,0.5422735810279846,leaper
687,687,5636096,3.4,3.1,0.5080411434173584,leaper
688,688,5644288,3.1,3.5,0.5096503496170044,leaper
689,689,5652480,3.7,2.9,0.5453154444694519,leaper
690,690,5660672,3.6,2.6,0.552740752696991,leaper
691,691,5668864,3.0,2.6,0.5179349780082703,leaper
692,692,5677056,3.7,2.5,0.5269190073013306,leaper
693,693,5685248,2.7,2.6,0.5806801915168762,leaper
694,694,5693440,2.9,2.3,0.5471500754356384,leaper
695,695,5701632,3.0,2.7,0.5330258011817932,leaper
696,696,5709824,2.1,3.2,0.537807822227478,leaper
697,697,5718016,3.1,2.5,0.5527412295341492,leaper
698,698,5726208,3.2,2.8,0.48425763845443726,leaper
699,699,5734400,3.2,2.3,0.5584807991981506,leaper
700,700,5742592,3.7,3.2,0.48558172583580017,leaper
701,701,5750784,3.0,2.7,0.5759514570236206,leaper
702,702,5758976,2.6,2.2,0.4776454567909241,leaper
703,703,5767168,3.7,2.9,0.5342119932174683,leaper
704,704,5775360,2.7,3.4,0.5401530861854553,leaper
705,705,5783552,2.7,2.3,0.5220865607261658,leaper
706,706,5791744,3.4,3.0,0.49428415298461914,leaper
707,707,5799936,3.3,3.4,0.5091902017593384,leaper
708,708,5808128,3.2,2.6,0.5478406548500061,leaper
709,709,5816320,3.3,2.9,0.5260791778564453,leaper
710,710,5824512,3.4,3.0,0.5329023599624634,leaper
711,711,5832704,3.4,2.6,0.5431549549102783,leaper
712,712,5840896,2.7,3.2,0.5309476852416992,leaper
713,713,5849088,2.5,2.7,0.48734113574028015,leaper
714,714,5857280,2.0,2.4,0.4478652775287628,leaper
715,715,5865472,4.2,2.5,0.4984504282474518,leaper
716,716,5873664,3.4,2.8,0.5073800683021545,leaper
717,717,5881856,3.4,2.4,0.5272121429443359,leaper
718,718,5890048,2.7,2.6,0.46222084760665894,leaper
719,719,5898240,3.5,2.4,0.542974591255188,leaper
720,720,5906432,3.3,3.0,0.5443299412727356,leaper
721,721,5914624,2.6,3.0,0.5185970664024353,leaper
722,722,5922816,2.5,2.4,0.4816730320453644,leaper
723,723,5931008,3.0,2.9,0.49496394395828247,leaper
724,724,5939200,4.0,3.0,0.4989403784275055,leaper
725,725,5947392,3.1,2.9,0.5426061749458313,leaper
726,726,5955584,3.2,3.9,0.5286802053451538,leaper
727,727,5963776,3.1,2.5,0.539404034614563,leaper
728,728,5971968,3.2,2.8,0.5885681509971619,leaper
729,729,5980160,2.6,2.6,0.5723851323127747,leaper
730,730,5988352,2.1,2.6,0.5017173886299133,leaper
731,731,5996544,2.8,2.5,0.5105712413787842,leaper
732,732,6004736,2.6,2.7,0.5181643962860107,leaper
733,733,6012928,3.8,2.6,0.5367163419723511,leaper
734,734,6021120,2.9,2.7,0.45458313822746277,leaper
735,735,6029312,2.9,2.9,0.4711472690105438,leaper
736,736,6037504,2.4,2.4,0.5012826919555664,leaper
737,737,6045696,3.6,2.5,0.5424469113349915,leaper
738,738,6053888,3.1,2.8,0.5322366952896118,leaper
739,739,6062080,3.2,3.0,0.5646389722824097,leaper
740,740,6070272,3.5,2.6,0.5271338224411011,leaper
741,741,6078464,3.7,2.6,0.5482742190361023,leaper
742,742,6086656,3.1,2.6,0.5633520483970642,leaper
743,743,6094848,3.3,2.9,0.5165129899978638,leaper
744,744,6103040,3.1,2.8,0.5522460341453552,leaper
745,745,6111232,2.6,1.8,0.5863542556762695,leaper
746,746,6119424,3.3,3.7,0.5513063669204712,leaper
747,747,6127616,3.3,2.6,0.5545039772987366,leaper
748,748,6135808,3.0,2.0,0.5699195265769958,leaper
749,749,6144000,3.1,2.5,0.9136109948158264,leaper
750,750,6152192,3.2,2.4,0.9702960252761841,leaper
751,751,6160384,3.0,2.3,0.9180649518966675,leaper
752,752,6168576,3.7,2.4,0.9841376543045044,leaper
753,753,6176768,3.6,3.3,0.9885066151618958,leaper
754,754,6184960,3.2,2.0,0.994540810585022,leaper
755,755,6193152,2.9,2.7,0.9805842638015747,leaper
756,756,6201344,3.3,3.3,0.9906749725341797,leaper
757,757,6209536,2.7,3.2,0.9940248131752014,leaper
758,758,6217728,2.7,3.5,0.9985674619674683,leaper
759,759,6225920,2.8,2.1,0.8934157490730286,leaper
760,760,6234112,2.3,2.7,-0.18766093254089355,leaper
761,761,6242304,3.2,2.6,-0.1588551551103592,leaper
762,762,6250496,3.3,2.1,-0.23089517652988434,leaper
763,763,6258688,3.3,1.8,-0.15512140095233917,leaper
764,764,6266880,3.9,2.3,-0.19958198070526123,leaper
765,765,6275072,3.1,2.2,-0.2192082554101944,leaper
766,766,6283264,2.9,2.8,-0.23687240481376648,leaper
767,767,6291456,2.4,2.4,-0.22404217720031738,leaper
768,768,6299648,3.2,2.8,-0.21552954614162445,leaper
769,769,6307840,2.9,3.0,-0.1972040981054306,leaper
770,770,6316032,2.5,1.8,-0.20992374420166016,leaper
771,771,6324224,2.4,3.2,-0.2053767293691635,leaper
772,772,6332416,1.9,2.8,-0.1688179224729538,leaper
773,773,6340608,3.7,3.0,-0.24494875967502594,leaper
774,774,6348800,3.3,2.6,-0.19164977967739105,leaper
775,775,6356992,2.5,2.7,-0.19232697784900665,leaper
776,776,6365184,3.0,2.2,-0.18787874281406403,leaper
777,777,6373376,3.1,2.9,-0.20238837599754333,leaper
778,778,6381568,4.1,3.1,-0.18434317409992218,leaper
779,779,6389760,3.5,2.6,-0.20084384083747864,leaper
780,780,6397952,2.6,2.7,-0.19525136053562164,leaper
781,781,6406144,4.0,2.8,-0.21385928988456726,leaper
782,782,6414336,4.3,2.9,-0.23059745132923126,leaper
783,783,6422528,3.1,2.8,-0.20408065617084503,leaper
784,784,6430720,3.5,2.4,-0.22674401104450226,leaper
785,785,6438912,3.4,3.1,-0.2599290609359741,leaper
786,786,6447104,3.7,2.6,-0.20731642842292786,leaper
787,787,6455296,2.9,3.8,-0.2254563271999359,leaper
788,788,6463488,3.7,2.7,-0.23378729820251465,leaper
789,789,6471680,2.8,3.0,-0.24082987010478973,leaper
790,790,6479872,3.0,2.5,-0.18919877707958221,leaper
791,791,6488064,2.9,2.8,-0.2022046148777008,leaper
792,792,6496256,3.1,2.4,-0.22841264307498932,leaper
793,793,6504448,2.8,2.9,-0.22880713641643524,leaper
794,794,6512640,3.3,2.1,-0.21303151547908783,leaper
795,795,6520832,2.6,3.0,-0.2331952303647995,leaper
796,796,6529024,3.6,2.3,-0.24459902942180634,leaper
797,797,6537216,3.2,2.8,-0.2085230052471161,leaper
798,798,6545408,3.6,2.9,-0.2151777297258377,leaper
799,799,6553600,4.0,2.4,-0.2133956253528595,leaper
800,800,6561792,3.9,2.2,-0.25116536021232605,leaper
801,801,6569984,3.5,2.8,-0.20327912271022797,leaper
802,802,6578176,3.2,2.6,-0.21181856095790863,leaper
803,803,6586368,2.8,2.7,-0.22617946565151215,leaper
804,804,6594560,2.3,3.1,-0.20372836291790009,leaper
805,805,6602752,3.3,2.4,-0.2697020471096039,leaper
806,806,6610944,2.7,3.4,-0.18232090771198273,leaper
807,807,6619136,2.9,2.8,-0.19336433708667755,leaper
808,808,6627328,2.9,3.1,-0.20476850867271423,leaper
809,809,6635520,3.3,2.7,-0.19803322851657867,leaper
810,810,6643712,3.0,3.4,-0.23530356585979462,leaper
811,811,6651904,3.1,2.7,-0.2443898469209671,leaper
812,812,6660096,2.4,2.2,-0.22280354797840118,leaper
813,813,6668288,3.8,2.6,-0.2026052623987198,leaper
814,814,6676480,3.5,2.2,-0.24018093943595886,leaper
815,815,6684672,3.2,2.5,-0.19845107197761536,leaper
816,816,6692864,2.8,2.1,-0.20984986424446106,leaper
817,817,6701056,3.9,2.1,-0.22228190302848816,leaper
818,818,6709248,3.3,1.6,-0.19212102890014648,leaper
819,819,6717440,2.7,3.1,-0.22843511402606964,leaper
820,820,6725632,3.5,3.1,-0.23340392112731934,leaper
821,821,6733824,3.5,2.0,-0.2303089052438736,leaper
822,822,6742016,3.2,2.2,-0.2332066148519516,leaper
823,823,6750208,3.5,2.6,-0.19290784001350403,leaper
824,824,6758400,3.8,3.4,-0.2155522257089615,leaper
825,825,6766592,3.1,3.1,-0.24230043590068817,leaper
826,826,6774784,3.5,2.1,-0.2105863243341446,leaper
827,827,6782976,2.3,3.1,-0.17415285110473633,leaper
828,828,6791168,2.3,1.8,-0.23661626875400543,leaper
829,829,6799360,2.7,2.5,-0.21024189889431,leaper
830,830,6807552,3.1,2.7,-0.20373161137104034,leaper
831,831,6815744,3.2,2.5,-0.23218438029289246,leaper
832,832,6823936,3.3,2.0,-0.2621205747127533,leaper
833,833,6832128,2.7,3.2,-0.2395273596048355,leaper
834,834,6840320,3.6,2.3,-0.21474656462669373,leaper
835,835,6848512,3.1,2.1,-0.20005199313163757,leaper
836,836,6856704,3.0,3.3,-0.2396475225687027,leaper
837,837,6864896,4.0,3.0,-0.2629038989543915,leaper
838,838,6873088,3.0,3.2,-0.2155948132276535,leaper
839,839,6881280,3.1,3.3,-0.21331779658794403,leaper
840,840,6889472,2.7,3.0,-0.2382742315530777,leaper
841,841,6897664,3.3,2.9,-0.2657105624675751,leaper
842,842,6905856,3.4,2.3,-0.18773138523101807,leaper
843,843,6914048,3.1,2.9,-0.21550525724887848,leaper
844,844,6922240,2.5,2.4,-0.24262173473834991,leaper
845,845,6930432,2.7,2.4,-0.23612846434116364,leaper
846,846,6938624,3.0,3.7,-0.24543359875679016,leaper
847,847,6946816,3.8,2.0,-0.2246829718351364,leaper
848,848,6955008,2.8,2.6,-0.20815284550189972,leaper
849,849,6963200,2.4,3.5,-0.18910250067710876,leaper
850,850,6971392,2.7,3.3,-0.21598026156425476,leaper
851,851,6979584,2.2,2.6,-0.18814222514629364,leaper
852,852,6987776,2.5,3.2,-0.21178753674030304,leaper
853,853,6995968,3.3,2.9,-0.21884705126285553,leaper
854,854,7004160,2.6,2.3,-0.21915224194526672,leaper
855,855,7012352,3.2,2.8,-0.19935713708400726,leaper
856,856,7020544,3.0,3.2,-0.212173193693161,leaper
857,857,7028736,3.6,3.6,-0.2276931256055832,leaper
858,858,7036928,2.3,2.8,-0.19799627363681793,leaper
859,859,7045120,3.1,2.9,-0.2256305068731308,leaper
860,860,7053312,3.2,2.1,-0.22482331097126007,leaper
861,861,7061504,3.6,2.5,-0.23667003214359283,leaper
862,862,7069696,3.1,2.8,-0.2484174221754074,leaper
863,863,7077888,2.9,2.4,-0.19206687808036804,leaper
864,864,7086080,3.3,3.5,-0.23513348400592804,leaper
865,865,7094272,3.2,2.6,-0.22833086550235748,leaper
866,866,7102464,3.0,2.4,-0.21428871154785156,leaper
867,867,7110656,2.8,3.7,-0.20268066227436066,leaper
868,868,7118848,2.4,2.9,-0.23141935467720032,leaper
869,869,7127040,3.4,3.1,-0.21924149990081787,leaper
870,870,7135232,3.4,2.6,-0.23750977218151093,leaper
871,871,7143424,3.8,1.8,-0.20124804973602295,leaper
872,872,7151616,2.9,3.0,-0.23664425313472748,leaper
873,873,7159808,2.5,1.9,-0.22089985013008118,leaper
874,874,7168000,3.3,2.4,-0.2611699402332306,leaper
875,875,7176192,3.2,2.8,-0.22319313883781433,leaper
876,876,7184384,2.4,2.3,-0.24305593967437744,leaper
877,877,7192576,2.4,2.8,-0.22531737387180328,leaper
878,878,7200768,2.9,3.5,-0.20622079074382782,leaper
879,879,7208960,2.7,2.8,-0.2083609253168106,leaper
880,880,7217152,2.9,2.8,-0.2008890062570572,leaper
881,881,7225344,2.0,2.9,-0.19749607145786285,leaper
882,882,7233536,3.0,2.6,-0.2552928328514099,leaper
883,883,7241728,3.9,2.6,-0.2563287019729614,leaper
884,884,7249920,3.6,3.2,-0.20309078693389893,leaper
885,885,7258112,3.1,2.7,-0.22903288900852203,leaper
886,886,7266304,3.6,2.5,-0.2407720535993576,leaper
887,887,7274496,3.2,1.9,-0.20311105251312256,leaper
888,888,7282688,3.5,3.7,-0.22528263926506042,leaper
889,889,7290880,3.4,3.5,-0.2085523158311844,leaper
890,890,7299072,2.6,2.5,-0.2139410823583603,leaper
891,891,7307264,2.4,2.6,-0.21125932037830353,leaper
892,892,7315456,2.7,2.1,-0.22595663368701935,leaper
893,893,7323648,3.8,2.4,-0.23062320053577423,leaper
894,894,7331840,3.6,1.7,-0.24312560260295868,leaper
895,895,7340032,2.5,2.5,-0.22315679490566254,leaper
896,896,7348224,3.5,2.8,-0.18372617661952972,leaper
897,897,7356416,2.9,3.3,-0.2127690315246582,leaper
898,898,7364608,3.1,3.2,-0.22328580915927887,leaper
899,899,7372800,3.2,2.8,-0.23083925247192383,leaper
900,900,7380992,3.2,2.4,-0.20858308672904968,leaper
901,901,7389184,2.6,2.4,-0.22021545469760895,leaper
902,902,7397376,3.0,2.9,-0.22528411448001862,leaper
903,903,7405568,2.8,2.5,-0.21857072412967682,leaper
904,904,7413760,2.3,3.1,-0.19952058792114258,leaper
905,905,7421952,2.4,2.3,-0.24106040596961975,leaper
906,906,7430144,3.9,3.0,-0.23132674396038055,leaper
907,907,7438336,3.1,2.6,-0.20047953724861145,leaper
908,908,7446528,3.8,2.5,-0.249611034989357,leaper
909,909,7454720,3.4,2.4,-0.22123943269252777,leaper
910,910,7462912,2.9,2.5,-0.19971366226673126,leaper
911,911,7471104,2.5,2.4,-0.17934128642082214,leaper
912,912,7479296,3.0,2.5,-0.2367267906665802,leaper
913,913,7487488,2.5,2.8,-0.24192418158054352,leaper
914,914,7495680,2.4,2.4,-0.2311473935842514,leaper
915,915,7503872,4.0,2.7,-0.211424320936203,leaper
916,916,7512064,3.2,2.7,-0.19073618948459625,leaper
917,917,7520256,3.1,2.2,-0.21280372142791748,leaper
918,918,7528448,3.1,2.6,-0.1918024867773056,leaper
919,919,7536640,3.2,2.4,-0.23195382952690125,leaper
920,920,7544832,3.2,2.4,-0.24392373859882355,leaper
921,921,7553024,3.4,2.9,-0.24186839163303375,leaper
922,922,7561216,3.1,2.6,-0.22717474400997162,leaper
923,923,7569408,3.3,3.1,-0.23467935621738434,leaper
924,924,7577600,2.7,2.4,-0.1944197416305542,leaper
925,925,7585792,3.9,1.3,-0.22116057574748993,leaper
926,926,7593984,3.6,1.7,-0.23001182079315186,leaper
927,927,7602176,2.8,3.1,-0.23131413757801056,leaper
928,928,7610368,2.8,3.4,-0.25045686960220337,leaper
929,929,7618560,2.8,3.2,-0.22435089945793152,leaper
930,930,7626752,3.0,2.4,-0.1726026087999344,leaper
931,931,7634944,3.4,2.4,-0.22896981239318848,leaper
932,932,7643136,3.3,2.3,-0.220254585146904,leaper
933,933,7651328,3.2,2.6,-0.19506771862506866,leaper
934,934,7659520,3.6,2.6,-0.2210286408662796,leaper
935,935,7667712,3.6,3.2,-0.19182534515857697,leaper
936,936,7675904,3.0,2.7,-0.24090300500392914,leaper
937,937,7684096,3.5,2.4,-0.23372428119182587,leaper
938,938,7692288,3.4,2.3,-0.24340912699699402,leaper
939,939,7700480,3.4,3.0,-0.23147471249103546,leaper
940,940,7708672,3.2,3.2,-0.21889734268188477,leaper
941,941,7716864,3.3,2.7,-0.22448889911174774,leaper
942,942,7725056,2.3,2.9,-0.21480171382427216,leaper
943,943,7733248,3.0,2.7,-0.2350529581308365,leaper
944,944,7741440,2.7,2.8,-0.20736363530158997,leaper
945,945,7749632,3.1,2.8,-0.1977580338716507,leaper
946,946,7757824,3.4,2.8,-0.21137277781963348,leaper
947,947,7766016,2.9,2.6,-0.2309546023607254,leaper
948,948,7774208,2.6,2.4,-0.2137235850095749,leaper
949,949,7782400,3.5,2.5,-0.22835107147693634,leaper
950,950,7790592,3.1,3.4,-0.19620145857334137,leaper
951,951,7798784,2.6,2.1,-0.20269346237182617,leaper
952,952,7806976,3.3,3.6,-0.20382843911647797,leaper
953,953,7815168,3.3,2.7,-0.23782621324062347,leaper
954,954,7823360,3.3,2.5,-0.23070183396339417,leaper
955,955,7831552,3.0,1.5,-0.21869318187236786,leaper
956,956,7839744,2.6,2.3,-0.2062491476535797,leaper
957,957,7847936,3.1,2.9,-0.1965910941362381,leaper
958,958,7856128,3.6,2.7,-0.261309951543808,leaper
959,959,7864320,3.6,2.4,-0.2402263730764389,leaper
960,960,7872512,3.3,2.8,-0.22372961044311523,leaper
961,961,7880704,3.5,3.3,-0.19761238992214203,leaper
962,962,7888896,3.1,2.5,-0.22384794056415558,leaper
963,963,7897088,3.1,2.9,-0.22651731967926025,leaper
964,964,7905280,2.6,2.3,-0.21620838344097137,leaper
965,965,7913472,3.8,1.7,-0.21992091834545135,leaper
966,966,7921664,2.6,3.4,-0.1887775957584381,leaper
967,967,7929856,3.9,2.5,-0.2278570979833603,leaper
968,968,7938048,3.8,3.0,-0.17587406933307648,leaper
969,969,7946240,3.1,2.5,-0.2178810089826584,leaper
970,970,7954432,3.6,2.7,-0.19298914074897766,leaper
971,971,7962624,2.7,2.4,-0.2073947638273239,leaper
972,972,7970816,3.7,2.8,-0.2316029816865921,leaper
973,973,7979008,3.2,2.8,-0.23894214630126953,leaper
974,974,7987200,2.6,3.8,-0.19706489145755768,leaper
975,975,7995392,2.9,3.3,-0.2169530689716339,leaper
976,976,8003584,2.8,2.7,-0.24193723499774933,leaper
977,977,8011776,2.0,2.8,-0.224258154630661,leaper
978,978,8019968,3.1,2.7,-0.24257726967334747,leaper
979,979,8028160,3.5,2.7,-0.2138047218322754,leaper
980,980,8036352,3.4,3.2,-0.21982519328594208,leaper
981,981,8044544,2.7,2.9,-0.18197262287139893,leaper
982,982,8052736,3.5,2.8,-0.19454698264598846,leaper
983,983,8060928,3.1,3.2,-0.19521279633045197,leaper
984,984,8069120,3.0,2.9,-0.2153572291135788,leaper
985,985,8077312,3.2,3.1,-0.21984653174877167,leaper
986,986,8085504,3.4,3.2,-0.19779276847839355,leaper
987,987,8093696,3.7,2.6,-0.21379701793193817,leaper
988,988,8101888,3.3,2.7,-0.1852288395166397,leaper
989,989,8110080,3.7,3.0,-0.2303527146577835,leaper
990,990,8118272,3.3,2.6,-0.22956755757331848,leaper
991,991,8126464,3.7,2.5,-0.20334510505199432,leaper
992,992,8134656,3.5,2.4,-0.21785929799079895,leaper
993,993,8142848,2.8,2.6,-0.19421182572841644,leaper
994,994,8151040,3.8,2.4,-0.2353404313325882,leaper
995,995,8159232,3.7,2.3,-0.19991789758205414,leaper
996,996,8167424,2.6,1.6,-0.219711035490036,leaper
997,997,8175616,3.0,2.6,-0.2215331643819809,leaper
998,998,8183808,3.1,2.4,-0.18563590943813324,leaper
999,999,8192000,3.7,3.1,-0.21380339562892914,leaper
1000,1000,8200192,2.5,3.5,-0.19983240962028503,leaper
1001,1001,8208384,2.7,2.4,-0.22395870089530945,leaper
1002,1002,8216576,2.7,2.1,-0.2065127193927765,leaper
1003,1003,8224768,3.4,2.1,-0.23474155366420746,leaper
